{
  "GET- /data/service/30" : {
    "transaction" : "GET- /data/service/30",
    "sampleCount" : 8567,
    "errorCount" : 32,
    "errorPct" : 0.37352633,
    "meanResTime" : 384.33897513715465,
    "minResTime" : 14.0,
    "maxResTime" : 2555.0,
    "pct1ResTime" : 644.0,
    "pct2ResTime" : 672.0,
    "pct3ResTime" : 718.0,
    "throughput" : 4.788454497944492,
    "receivedKBytesPerSec" : 36.87671110428736,
    "sentKBytesPerSec" : 1.0615030967123043
  },
  "GET- /data/serviceorder/886823" : {
    "transaction" : "GET- /data/serviceorder/886823",
    "sampleCount" : 8556,
    "errorCount" : 9,
    "errorPct" : 0.10518934,
    "meanResTime" : 397.1012155212697,
    "minResTime" : 31.0,
    "maxResTime" : 13063.0,
    "pct1ResTime" : 659.0,
    "pct2ResTime" : 687.0,
    "pct3ResTime" : 733.0,
    "throughput" : 4.7846006989006495,
    "receivedKBytesPerSec" : 14.353802096701946,
    "sentKBytesPerSec" : 1.102700942324759
  },
  "GET - /data/accountservice/848" : {
    "transaction" : "GET - /data/accountservice/848",
    "sampleCount" : 8689,
    "errorCount" : 16,
    "errorPct" : 0.18414086,
    "meanResTime" : 393.9193232823111,
    "minResTime" : 15.0,
    "maxResTime" : 16484.0,
    "pct1ResTime" : 638.0,
    "pct2ResTime" : 670.0,
    "pct3ResTime" : 717.0,
    "throughput" : 4.846305897891252,
    "receivedKBytesPerSec" : 3.663125747038895,
    "sentKBytesPerSec" : 1.112189341801215
  },
  "GET - /data/informationonlyreading/25" : {
    "transaction" : "GET - /data/informationonlyreading/25",
    "sampleCount" : 8602,
    "errorCount" : 15,
    "errorPct" : 0.17437805,
    "meanResTime" : 391.0476633341083,
    "minResTime" : 13.0,
    "maxResTime" : 17462.0,
    "pct1ResTime" : 637.0,
    "pct2ResTime" : 667.0,
    "pct3ResTime" : 714.9699999999993,
    "throughput" : 4.806658020419076,
    "receivedKBytesPerSec" : 4.661143959254046,
    "sentKBytesPerSec" : 1.135948477481852
  },
  "GET - /data/customer/00001080" : {
    "transaction" : "GET - /data/customer/00001080",
    "sampleCount" : 8619,
    "errorCount" : 2,
    "errorPct" : 0.023204548,
    "meanResTime" : 380.94465715280234,
    "minResTime" : 17.0,
    "maxResTime" : 903.0,
    "pct1ResTime" : 641.0,
    "pct2ResTime" : 673.0,
    "pct3ResTime" : 717.0,
    "throughput" : 4.814190887500195,
    "receivedKBytesPerSec" : 6.661824694909938,
    "sentKBytesPerSec" : 1.1001178395264117
  },
  "GET- /data/state/AL" : {
    "transaction" : "GET- /data/state/AL",
    "sampleCount" : 8760,
    "errorCount" : 4645,
    "errorPct" : 53.025116,
    "meanResTime" : 404.8847031963477,
    "minResTime" : 42.0,
    "maxResTime" : 15837.0,
    "pct1ResTime" : 655.0,
    "pct2ResTime" : 683.9499999999989,
    "pct3ResTime" : 728.0,
    "throughput" : 4.882077758791921,
    "receivedKBytesPerSec" : 2.4744124578252014,
    "sentKBytesPerSec" : 1.0727221637970528
  },
  "GET - /data/address/00005730--MA" : {
    "transaction" : "GET - /data/address/00005730--MA",
    "sampleCount" : 8492,
    "errorCount" : 17,
    "errorPct" : 0.20018841,
    "meanResTime" : 396.9964672633081,
    "minResTime" : 14.0,
    "maxResTime" : 17343.0,
    "pct1ResTime" : 643.0,
    "pct2ResTime" : 674.0,
    "pct3ResTime" : 718.0699999999997,
    "throughput" : 4.755534076380866,
    "receivedKBytesPerSec" : 9.092307225729387,
    "sentKBytesPerSec" : 1.1006460704123684
  },
  "PATCH - /data/address/00005730--MA" : {
    "transaction" : "PATCH - /data/address/00005730--MA",
    "sampleCount" : 8459,
    "errorCount" : 21,
    "errorPct" : 0.2482563,
    "meanResTime" : 393.52500295543285,
    "minResTime" : 19.0,
    "maxResTime" : 17338.0,
    "pct1ResTime" : 649.0,
    "pct2ResTime" : 679.0,
    "pct3ResTime" : 724.3999999999996,
    "throughput" : 4.739243558685046,
    "receivedKBytesPerSec" : 9.097793938394595,
    "sentKBytesPerSec" : 1.5504361251557524
  },
  "GET -/data/linkcustomer/94" : {
    "transaction" : "GET -/data/linkcustomer/94",
    "sampleCount" : 8595,
    "errorCount" : 21,
    "errorPct" : 0.2443281,
    "meanResTime" : 401.07806864456023,
    "minResTime" : 13.0,
    "maxResTime" : 16908.0,
    "pct1ResTime" : 642.0,
    "pct2ResTime" : 671.0,
    "pct3ResTime" : 719.039999999999,
    "throughput" : 4.803165227207319,
    "receivedKBytesPerSec" : 7.251653751232924,
    "sentKBytesPerSec" : 1.088217121789158
  },
  "GET- /data/waterserviceentrance/5" : {
    "transaction" : "GET- /data/waterserviceentrance/5",
    "sampleCount" : 8498,
    "errorCount" : 11,
    "errorPct" : 0.12944221,
    "meanResTime" : 388.4512826547416,
    "minResTime" : 13.0,
    "maxResTime" : 17286.0,
    "pct1ResTime" : 648.1000000000004,
    "pct2ResTime" : 680.0,
    "pct3ResTime" : 718.0,
    "throughput" : 4.7583265114601865,
    "receivedKBytesPerSec" : 6.0269037943006465,
    "sentKBytesPerSec" : 1.1105859728896335
  },
  "PUT - /data/alertsubscription/228" : {
    "transaction" : "PUT - /data/alertsubscription/228",
    "sampleCount" : 8429,
    "errorCount" : 26,
    "errorPct" : 0.3084589,
    "meanResTime" : 395.48309407996265,
    "minResTime" : 15.0,
    "maxResTime" : 16553.0,
    "pct1ResTime" : 642.0,
    "pct2ResTime" : 675.0,
    "pct3ResTime" : 722.7000000000007,
    "throughput" : 4.722824707505924,
    "receivedKBytesPerSec" : 3.0993537143007623,
    "sentKBytesPerSec" : 2.057011542526994
  },
  "GET- /data/watermetertype/W7" : {
    "transaction" : "GET- /data/watermetertype/W7",
    "sampleCount" : 8507,
    "errorCount" : 15,
    "errorPct" : 0.17632538,
    "meanResTime" : 388.76254848947866,
    "minResTime" : 14.0,
    "maxResTime" : 15705.0,
    "pct1ResTime" : 641.0,
    "pct2ResTime" : 672.0,
    "pct3ResTime" : 717.0,
    "throughput" : 4.760047606071509,
    "receivedKBytesPerSec" : 3.974453811710098,
    "sentKBytesPerSec" : 1.0877452537311847
  },
  "GET - /data/bill/23684" : {
    "transaction" : "GET - /data/bill/23684",
    "sampleCount" : 8633,
    "errorCount" : 20,
    "errorPct" : 0.23166917,
    "meanResTime" : 402.6322251824387,
    "minResTime" : 36.0,
    "maxResTime" : 3374.0,
    "pct1ResTime" : 662.0,
    "pct2ResTime" : 693.0,
    "pct3ResTime" : 740.0,
    "throughput" : 4.816269876248699,
    "receivedKBytesPerSec" : 20.332748706077272,
    "sentKBytesPerSec" : 1.0676692010824753
  },
  "GET - /data/accountservicegroup/1097" : {
    "transaction" : "GET - /data/accountservicegroup/1097",
    "sampleCount" : 8676,
    "errorCount" : 17,
    "errorPct" : 0.19594283,
    "meanResTime" : 385.79714153987925,
    "minResTime" : 18.0,
    "maxResTime" : 7736.0,
    "pct1ResTime" : 645.0,
    "pct2ResTime" : 676.0,
    "pct3ResTime" : 723.0,
    "throughput" : 4.839192776238649,
    "receivedKBytesPerSec" : 8.88918126182119,
    "sentKBytesPerSec" : 1.1389115811264787
  },
  "GET- /data/meterreading/4423" : {
    "transaction" : "GET- /data/meterreading/4423",
    "sampleCount" : 8401,
    "errorCount" : 14,
    "errorPct" : 0.16664682,
    "meanResTime" : 385.56005237471703,
    "minResTime" : 15.0,
    "maxResTime" : 5764.0,
    "pct1ResTime" : 645.0,
    "pct2ResTime" : 676.0,
    "pct3ResTime" : 721.0,
    "throughput" : 4.707236346297051,
    "receivedKBytesPerSec" : 9.078898226500659,
    "sentKBytesPerSec" : 1.075677055696787
  },
  "PUT - /data/address/00005730--MA" : {
    "transaction" : "PUT - /data/address/00005730--MA",
    "sampleCount" : 8480,
    "errorCount" : 18,
    "errorPct" : 0.21226415,
    "meanResTime" : 397.59634433962356,
    "minResTime" : 18.0,
    "maxResTime" : 17965.0,
    "pct1ResTime" : 646.0,
    "pct2ResTime" : 674.0,
    "pct3ResTime" : 722.0,
    "throughput" : 4.749864729677805,
    "receivedKBytesPerSec" : 9.146703215617812,
    "sentKBytesPerSec" : 9.527560698006065
  },
  "GET - /data/alertsubscription/228" : {
    "transaction" : "GET - /data/alertsubscription/228",
    "sampleCount" : 8444,
    "errorCount" : 14,
    "errorPct" : 0.1657982,
    "meanResTime" : 392.458668877309,
    "minResTime" : 15.0,
    "maxResTime" : 16920.0,